Trial Number,Chart Type,USA_2000,USA_2004,USA_2008,USA_2012,USA_2016,USA_2020,China_2000,China_2004,China_2008,China_2012,China_2016,China_2020,UK_2000,UK_2004,UK_2008,UK_2012,UK_2016,UK_2020,Russia_2000,Russia_2004,Russia_2008,Russia_2012,Russia_2016,Russia_2020
0,area,93,48,28,81,3,41
0,area,35,42,89,52,75,16
0,area,13,36,90,55,97,37
0,area,84,28,63,47,48,10
1,area,64,37,89,68,44,38
1,area,43,49,44,33,85,90
1,area,72,4,89,36,48,33
1,area,49,19,14,67,92,53
2,area,81,44,56,25,59,81
2,area,94,58,7,12,53,37
2,area,96,90,56,54,46,3
2,area,37,89,76,69,78,71
3,area,81,6,62,46,48,20
3,area,56,70,7,89,25,39
3,area,30,76,37,54,84,74
3,area,58,99,68,28,79,98
4,area,30,82,99,28,7,95
4,area,16,54,2,27,97,61
4,area,1,44,12,83,35,35
4,area,0,64,4,3,85,66
5,area,75,76,54,71,95,8
5,area,42,75,67,60,11,69
5,area,89,39,19,54,14,13
5,area,80,1,3,68,91,11
6,area,61,82,66,86,74,56
6,area,90,35,46,26,92,89
6,area,70,74,81,39,11,76
6,area,73,81,46,28,46,49
7,area,52,48,96,29,56,40
7,area,3,2,3,86,92,42
7,area,44,66,81,65,38,72
7,area,64,22,23,78,35,47
8,area,44,87,5,71,29,41
8,area,23,53,24,30,50,10
8,area,33,6,72,2,54,4
8,area,93,5,27,84,73,4
9,area,36,85,89,30,8,88
9,area,5,20,79,96,38,97
9,area,65,55,77,29,25,34
9,area,87,33,22,6,0,36
Trial Number,Chart Type,Country A_2000,Country A_2004,Country A_2008,Country A_2012,Country A_2016,Country A_2020,Country B_2000,Country B_2004,Country B_2008,Country B_2012,Country B_2016,Country B_2020,Country C_2000,Country C_2004,Country C_2008,Country C_2012,Country C_2016,Country C_2020,Country D_2000,Country D_2004,Country D_2008,Country D_2012,Country D_2016,Country D_2020
0,line,22,99,59,87,90,56
0,line,26,96,25,75,7,22
0,line,50,28,47,18,57,79
0,line,93,30,50,53,71,43
1,line,33,29,79,9,41,29
1,line,4,52,15,89,79,48
1,line,28,63,54,67,19,52
1,line,33,54,7,83,89,5
2,line,71,27,53,57,24,64
2,line,42,65,33,74,45,54
2,line,27,83,64,76,47,52
2,line,94,57,57,63,10,95
3,line,6,36,44,35,45,79
3,line,61,94,43,90,82,62
3,line,19,74,14,79,61,43
3,line,23,58,13,10,73,91
4,line,84,79,3,27,63,26
4,line,55,26,44,87,41,91
4,line,63,94,7,51,85,99
4,line,46,43,95,83,7,40
5,line,77,45,95,0,71,84
5,line,72,44,48,67,72,9
5,line,68,56,68,48,8,52
5,line,75,16,2,91,88,10
6,line,97,93,54,86,39,29
6,line,6,23,14,35,13,32
6,line,34,57,8,82,10,39
6,line,23,31,79,12,27,73
7,line,49,18,57,60,21,7
7,line,65,37,8,17,57,22
7,line,98,42,57,77,39,80
7,line,84,40,14,74,18,12
8,line,64,5,28,96,47,10
8,line,72,32,52,63,54,7
8,line,94,16,12,35,26,88
8,line,88,83,74,97,99,66
9,line,11,78,15,9,33,27
9,line,40,52,4,64,79,76
9,line,56,73,11,73,26,32
9,line,53,78,12,87,40,32
Trial Number,Chart Type,Country A_2000,Country A_2004,Country A_2008,Country A_2012,Country A_2016,Country A_2020,Country B_2000,Country B_2004,Country B_2008,Country B_2012,Country B_2016,Country B_2020,Country C_2000,Country C_2004,Country C_2008,Country C_2012,Country C_2016,Country C_2020,Country D_2000,Country D_2004,Country D_2008,Country D_2012,Country D_2016,Country D_2020
0,area,68,13,97,73,81,42
0,area,43,38,52,99,54,55
0,area,65,99,22,28,85,95
0,area,65,34,54,13,17,41
1,area,84,74,68,91,94,98
1,area,18,33,84,24,41,2
1,area,70,45,2,71,10,67
1,area,64,52,77,90,40,55
2,area,62,31,53,84,4,57
2,area,8,87,57,67,74,56
2,area,52,75,92,88,33,28
2,area,22,18,57,4,32,19
3,area,16,46,48,94,16,31
3,area,58,93,38,7,93,44
3,area,72,54,59,29,17,99
3,area,59,88,78,15,42,59
4,area,69,58,90,49,46,93
4,area,57,5,0,80,65,24
4,area,83,19,92,39,75,34
4,area,22,11,43,21,53,62
5,area,13,59,65,64,13,75
5,area,91,78,40,58,20,13
5,area,66,97,60,78,16,88
5,area,26,89,32,40,69,13
6,area,83,46,77,37,19,88
6,area,59,4,92,94,17,30
6,area,93,58,39,86,11,31
6,area,86,23,79,49,41,96
7,area,57,24,70,14,33,75
7,area,71,54,12,48,57,44
7,area,10,91,47,57,65,1
7,area,53,41,8,99,48,93
8,area,18,89,9,95,49,69
8,area,33,51,81,84,25,42
8,area,78,20,49,73,97,32
8,area,27,4,81,59,58,7
9,area,66,69,71,98,98,25
9,area,93,61,0,49,69,20
9,area,44,47,6,78,68,98
9,area,1,95,28,57,89,99
Trial Number,Chart Type,Country A_2000,Country A_2004,Country A_2008,Country A_2012,Country A_2016,Country A_2020,Country B_2000,Country B_2004,Country B_2008,Country B_2012,Country B_2016,Country B_2020,Country C_2000,Country C_2004,Country C_2008,Country C_2012,Country C_2016,Country C_2020,Country D_2000,Country D_2004,Country D_2008,Country D_2012,Country D_2016,Country D_2020
0,line,7,47,21,74,23,96
0,line,97,55,50,96,30,93
0,line,87,23,41,96,74,19
0,line,49,5,89,63,76,75
1,line,86,3,37,59,0,12
1,line,28,18,95,41,97,45
1,line,28,84,93,5,8,46
1,line,18,99,66,60,21,11
2,line,28,12,52,88,30,91
2,line,18,62,1,91,18,28
2,line,72,57,34,90,38,30
2,line,34,62,67,4,41,31
3,line,19,34,31,93,16,18
3,line,28,7,66,9,27,9
3,line,81,63,5,74,58,60
3,line,7,82,12,52,88,42
4,line,22,40,34,51,53,40
4,line,97,37,41,2,56,20
4,line,26,47,48,42,47,77
4,line,89,16,65,8,8,63
5,line,20,98,2,34,16,40
5,line,19,93,20,49,19,79
5,line,46,6,35,39,89,36
5,line,49,29,62,20,78,10
6,line,33,39,68,61,23,30
6,line,49,18,57,6,83,67
6,line,99,69,49,84,8,98
6,line,2,56,42,93,77,96
7,line,41,33,78,32,3,12
7,line,59,68,75,22,91,37
7,line,68,89,5,18,4,11
7,line,67,60,68,57,66,12
8,line,56,6,42,47,67,88
8,line,32,43,47,92,97,90
8,line,86,8,65,30,10,68
8,line,75,93,39,58,68,25
9,line,42,37,20,67,32,55
9,line,10,29,75,22,95,77
9,line,45,82,25,47,82,99
9,line,99,84,96,29,76,18
Trial Number,Chart Type,USA_2000,USA_2004,USA_2008,USA_2012,USA_2016,USA_2020,China_2000,China_2004,China_2008,China_2012,China_2016,China_2020,UK_2000,UK_2004,UK_2008,UK_2012,UK_2016,UK_2020,Russia_2000,Russia_2004,Russia_2008,Russia_2012,Russia_2016,Russia_2020
0,area,36,28,38,26,44,58
0,area,49,95,17,79,86,99
0,area,6,17,37,42,38,72
0,area,93,54,36,71,30,54
1,area,15,32,29,64,60,7
1,area,93,37,50,6,79,21
1,area,52,63,19,51,71,69
1,area,44,17,1,42,49,23
2,area,39,61,36,25,84,38
2,area,16,31,93,93,64,79
2,area,6,58,13,70,86,75
2,area,99,49,0,42,12,81
3,area,45,46,97,69,0,53
3,area,89,21,46,41,17,15
3,area,67,95,65,53,84,50
3,area,14,40,97,70,92,40
4,area,31,72,27,98,53,75
4,area,26,97,15,16,40,80
4,area,88,14,73,38,11,41
4,area,65,50,66,20,74,87
5,area,32,77,77,34,27,97
5,area,45,94,82,70,50,77
5,area,90,90,52,27,43,13
5,area,51,46,32,84,42,34
6,area,26,85,58,87,36,42
6,area,30,35,17,75,56,71
6,area,53,65,50,75,7,3
6,area,62,34,47,70,27,75
7,area,39,49,72,82,57,12
7,area,41,14,54,17,80,24
7,area,85,27,77,13,13,1
7,area,58,95,2,47,20,12
8,area,87,82,26,98,32,76
8,area,85,20,78,48,43,92
8,area,72,80,32,22,51,9
8,area,35,1,80,34,31,87
9,area,80,5,43,18,56,5
9,area,80,12,71,88,92,26
9,area,69,55,50,17,13,53
9,area,58,47,78,65,58,92
Trial Number,Chart Type,USA_2000,USA_2004,USA_2008,USA_2012,USA_2016,USA_2020,China_2000,China_2004,China_2008,China_2012,China_2016,China_2020,UK_2000,UK_2004,UK_2008,UK_2012,UK_2016,UK_2020,Russia_2000,Russia_2004,Russia_2008,Russia_2012,Russia_2016,Russia_2020
0,line,4,45,35,40,80,37
0,line,72,80,7,31,15,27
0,line,32,17,54,49,89,42
0,line,56,94,26,27,46,41
1,line,29,55,21,27,85,54
1,line,95,21,8,49,7,41
1,line,40,60,29,61,27,11
1,line,68,60,37,55,6,43
2,line,89,59,47,76,30,61
2,line,47,25,13,27,60,23
2,line,13,64,94,45,34,99
2,line,55,48,72,35,43,87
3,line,2,63,37,14,37,47
3,line,4,32,37,12,84,66
3,line,13,67,58,68,41,74
3,line,24,2,68,55,55,98
4,line,88,16,56,32,60,48
4,line,76,95,74,44,80,52
4,line,48,5,92,82,47,83
4,line,23,0,65,50,0,25
5,line,11,35,56,2,47,53
5,line,88,63,14,51,88,33
5,line,79,62,39,54,39,98
5,line,38,90,14,26,33,16
6,line,29,86,74,24,25,22
6,line,13,45,5,30,27,40
6,line,13,38,27,65,37,40
6,line,2,47,23,18,53,84
7,line,90,30,2,51,10,97
7,line,5,53,40,48,75,52
7,line,31,83,52,99,48,42
7,line,79,68,91,70,22,74
8,line,37,41,76,56,89,8
8,line,93,23,9,28,38,45
8,line,64,67,32,77,5,64
8,line,30,8,58,23,98,8
9,line,55,23,35,5,88,21
9,line,58,13,30,22,87,43
9,line,13,36,7,99,90,35
9,line,67,67,97,86,77,72
Trial Number,Chart Type,USA_2000,USA_2004,USA_2008,USA_2012,USA_2016,USA_2020,China_2000,China_2004,China_2008,China_2012,China_2016,China_2020,UK_2000,UK_2004,UK_2008,UK_2012,UK_2016,UK_2020,Russia_2000,Russia_2004,Russia_2008,Russia_2012,Russia_2016,Russia_2020
0,area,61,61,74,31,82,15
0,area,19,32,26,43,6,22
0,area,70,53,85,12,32,92
0,area,40,36,90,70,81,39
1,area,72,96,75,14,83,11
1,area,98,21,57,20,32,34
1,area,41,44,48,13,32,11
1,area,10,23,66,67,93,23
2,area,35,70,52,49,66,55
2,area,7,15,81,94,51,27
2,area,12,57,99,82,30,32
2,area,71,44,21,18,2,16
3,area,89,38,97,75,17,39
3,area,42,54,29,72,74,60
3,area,82,42,9,0,10,2
3,area,10,8,78,46,75,35
4,area,4,38,29,25,74,6
4,area,13,27,5,20,71,69
4,area,1,92,24,26,22,25
4,area,53,95,56,66,37,91
5,area,8,87,27,70,25,53
5,area,45,4,84,93,33,19
5,area,37,26,94,95,18,4
5,area,50,70,43,30,35,18
6,area,21,18,66,85,27,23
6,area,5,56,47,35,19,17
6,area,43,96,59,37,93,52
6,area,83,55,77,71,40,42
7,area,2,30,54,7,75,87
7,area,87,24,99,41,62,73
7,area,74,14,5,12,13,56
7,area,31,36,13,44,22,22
8,area,70,15,93,95,85,25
8,area,57,41,74,73,13,78
8,area,67,96,66,17,1,48
8,area,47,94,94,52,63,32
9,area,85,41,62,26,49,28
9,area,95,50,24,98,98,31
9,area,96,94,58,23,45,68
9,area,66,98,37,85,52,54
Trial Number,Chart Type,USA_2000,USA_2004,USA_2008,USA_2012,USA_2016,USA_2020,China_2000,China_2004,China_2008,China_2012,China_2016,China_2020,UK_2000,UK_2004,UK_2008,UK_2012,UK_2016,UK_2020,Russia_2000,Russia_2004,Russia_2008,Russia_2012,Russia_2016,Russia_2020
0,line,8,81,11,75,25,69
0,line,31,52,91,66,66,71
0,line,45,27,91,76,49,92
0,line,85,77,32,21,13,2
1,line,20,14,89,13,80,88
1,line,79,29,44,86,53,79
1,line,45,25,76,18,69,42
1,line,13,1,2,56,15,56
2,line,58,23,21,84,89,60
2,line,23,73,22,48,96,85
2,line,53,93,76,99,49,70
2,line,79,54,2,7,34,48
3,line,5,29,7,51,51,91
3,line,88,93,51,62,61,6
3,line,94,89,69,21,10,15
3,line,83,91,38,92,66,90
4,line,65,3,34,24,97,53
4,line,48,49,18,92,0,54
4,line,3,32,58,0,84,20
4,line,40,97,11,48,85,76
5,line,89,20,71,96,23,33
5,line,79,72,59,78,42,81
5,line,38,92,74,86,4,44
5,line,19,6,54,53,52,92
6,line,97,31,71,80,5,98
6,line,15,31,4,51,28,8
6,line,32,41,55,95,51,90
6,line,5,49,65,17,99,54
7,line,79,23,5,81,29,99
7,line,98,91,81,52,18,23
7,line,15,4,0,79,6,74
7,line,84,34,14,60,56,18
8,line,24,89,96,32,10,28
8,line,11,34,30,56,69,19
8,line,12,89,7,85,72,30
8,line,14,84,58,66,90,28
9,line,73,6,23,36,85,83
9,line,90,45,25,94,98,85
9,line,50,91,40,26,33,64
9,line,15,58,12,86,37,93
Trial Number,Chart Type,USA_2000,USA_2004,USA_2008,USA_2012,USA_2016,USA_2020,China_2000,China_2004,China_2008,China_2012,China_2016,China_2020,UK_2000,UK_2004,UK_2008,UK_2012,UK_2016,UK_2020,Russia_2000,Russia_2004,Russia_2008,Russia_2012,Russia_2016,Russia_2020
0,area,61,27,42,3,4,88
0,area,81,38,86,39,25,10
0,area,49,8,24,77,42,93
0,area,14,4,85,91,2,75
1,area,71,59,32,38,77,10
1,area,60,29,19,0,63,9
1,area,19,78,1,79,49,69
1,area,92,94,39,40,95,11
2,area,50,29,21,7,94,40
2,area,61,54,56,40,81,56
2,area,75,3,54,30,26,77
2,area,22,12,12,98,54,2
3,area,65,87,40,15,28,16
3,area,7,95,32,39,32,30
3,area,11,88,20,11,91,7
3,area,63,65,84,1,50,54
Trial Number,Chart Type,USA_2000,USA_2004,USA_2008,USA_2012,USA_2016,USA_2020,China_2000,China_2004,China_2008,China_2012,China_2016,China_2020,UK_2000,UK_2004,UK_2008,UK_2012,UK_2016,UK_2020,Russia_2000,Russia_2004,Russia_2008,Russia_2012,Russia_2016,Russia_2020
0,area,77,71,14,17,97,48
0,area,46,74,76,71,89,41
0,area,60,18,17,19,66,79
0,area,14,64,91,39,98,95
1,area,92,14,16,93,51,72
1,area,52,20,37,5,49,45
1,area,47,19,26,17,5,63
1,area,29,77,90,11,25,18
2,area,80,82,56,12,14,80
2,area,97,84,65,81,36,5
2,area,28,10,65,88,91,42
2,area,38,38,73,60,46,48
3,area,18,2,4,96,57,6
3,area,18,15,0,13,41,27
3,area,95,42,85,98,33,57
3,area,16,1,71,33,45,8
4,area,43,81,44,37,69,68
4,area,38,89,7,86,51,83
4,area,4,84,87,12,98,57
4,area,44,98,86,20,24,69
5,area,5,78,5,72,86,86
5,area,25,70,23,38,27,64
5,area,93,99,98,92,23,43
5,area,64,10,82,11,62,37
6,area,70,90,64,16,47,40
6,area,79,12,71,51,95,28
6,area,44,60,17,51,84,84
6,area,23,21,9,84,65,83
7,area,54,73,62,13,82,9
7,area,82,60,93,68,39,60
7,area,81,70,81,54,39,24
7,area,59,47,34,32,30,99
8,area,21,66,88,45,57,41
8,area,68,24,22,6,98,4
8,area,70,42,14,37,79,19
8,area,75,37,25,81,85,43
9,area,32,82,30,5,64,74
9,area,37,94,66,87,7,18
9,area,34,80,17,89,27,19
9,area,81,32,62,16,35,23
Trial Number,Chart Type,USA_2000,USA_2004,USA_2008,USA_2012,USA_2016,USA_2020,China_2000,China_2004,China_2008,China_2012,China_2016,China_2020,UK_2000,UK_2004,UK_2008,UK_2012,UK_2016,UK_2020,Russia_2000,Russia_2004,Russia_2008,Russia_2012,Russia_2016,Russia_2020
0,line,70,77,18,14,92,32
0,line,53,40,49,23,52,82
0,line,18,13,67,71,11,71
0,line,96,85,97,32,1,54
1,line,31,19,15,64,69,83
1,line,5,45,96,9,2,10
1,line,64,88,84,56,76,28
1,line,70,47,76,2,77,66
2,line,22,90,8,87,92,33
2,line,23,1,37,46,58,28
2,line,99,69,79,89,91,71
2,line,65,54,72,37,60,49
3,line,10,34,94,24,50,90
3,line,43,60,89,14,11,30
3,line,53,37,41,75,82,78
3,line,36,22,55,73,41,55
4,line,85,95,69,34,45,7
4,line,10,41,30,60,70,9
4,line,48,59,51,76,48,51
4,line,90,6,21,38,42,96
5,line,89,91,72,7,72,44
5,line,98,96,95,16,87,38
5,line,50,31,32,72,72,26
5,line,19,39,0,18,4,8
6,line,41,82,74,58,83,63
6,line,89,77,45,66,22,47
6,line,87,5,66,84,20,30
6,line,54,30,48,42,9,63
7,line,70,78,89,49,21,73
7,line,6,34,17,53,92,50
7,line,20,87,9,65,1,26
7,line,28,66,26,10,19,50
8,line,69,61,69,9,90,25
8,line,92,59,89,72,9,5
8,line,96,58,23,32,78,96
8,line,62,27,72,88,66,41
9,line,15,57,80,30,22,25
9,line,8,68,48,99,8,54
9,line,92,59,40,12,3,77
9,line,23,73,57,40,36,9
9,area,97,2,64,77,38,69
9,area,49,24,51,78,17,63
9,area,66,48,0,22,56,14
9,area,93,96,5,95,36,93
9,area,19,55,21,26,0,41
9,area,8,43,84,68,59,58
9,area,9,57,34,7,14,66
9,area,3,91,37,79,93,63
9,area,97,14,51,32,41,74
9,area,9,46,57,19,61,38
9,area,2,95,4,93,90,27
9,area,24,42,85,5,70,34
9,line,95,37,12,98,30,76
9,line,73,96,35,92,86,38
9,line,44,91,55,72,93,71
9,line,21,28,8,31,37,82
Trial Number,Chart Type,USA_2000,USA_2004,USA_2008,USA_2012,USA_2016,USA_2020,China_2000,China_2004,China_2008,China_2012,China_2016,China_2020,UK_2000,UK_2004,UK_2008,UK_2012,UK_2016,UK_2020,Russia_2000,Russia_2004,Russia_2008,Russia_2012,Russia_2016,Russia_2020
0,area,14,94,53,76,96,89
0,area,87,19,81,53,47,10
0,area,74,57,77,0,93,65
0,area,46,51,28,49,56,35
1,line,72,77,98,88,20,40
1,line,57,90,96,7,89,61
1,line,76,13,2,41,58,7
1,line,48,30,46,19,11,74
Trial Number,Chart Type,USA_2000,USA_2004,USA_2008,USA_2012,USA_2016,USA_2020,China_2000,China_2004,China_2008,China_2012,China_2016,China_2020,UK_2000,UK_2004,UK_2008,UK_2012,UK_2016,UK_2020,Russia_2000,Russia_2004,Russia_2008,Russia_2012,Russia_2016,Russia_2020
0,area,28,73,81,29,97,91
0,area,55,43,70,24,47,48
0,area,61,94,17,37,27,59
0,area,95,92,70,12,18,82
1,line,15,40,32,68,26,26
1,line,29,3,39,28,65,82
1,line,53,50,10,17,3,37
1,line,90,78,88,45,4,75
2,area,75,94,19,27,69,91
2,area,93,55,74,68,5,58
2,area,78,8,45,77,26,7
2,area,41,4,48,35,18,62
3,line,63,46,84,46,10,65
3,line,23,97,44,53,25,30
3,line,33,38,86,31,21,17
3,line,49,71,12,37,6,4
4,area,34,3,65,27,80,41
4,area,64,75,34,50,76,28
4,area,75,30,65,17,25,68
4,area,79,49,37,80,90,35
Trial Number,Chart Type,USA_2000,USA_2004,USA_2008,USA_2012,USA_2016,USA_2020,China_2000,China_2004,China_2008,China_2012,China_2016,China_2020,UK_2000,UK_2004,UK_2008,UK_2012,UK_2016,UK_2020,Russia_2000,Russia_2004,Russia_2008,Russia_2012,Russia_2016,Russia_2020
0,area,58,57,54,49,46,33
0,area,79,90,13,8,31,35
0,area,14,62,22,1,27,46
0,area,10,75,68,17,77,32
1,line,85,13,19,95,25,67
1,line,11,91,6,97,92,83
1,line,91,68,67,91,39,55
1,line,92,44,76,45,34,41
2,area,98,47,27,34,80,24
2,area,42,35,71,46,71,42
2,area,30,41,20,5,3,34
2,area,2,18,29,48,20,16
3,line,6,86,71,47,87,69
3,line,2,49,53,44,4,40
3,line,17,92,75,96,42,5
3,line,46,84,88,96,76,6
4,area,68,48,66,62,32,52
4,area,75,4,72,13,60,79
4,area,64,18,52,32,8,79
4,area,46,7,17,19,26,64
Trial Number,Chart Type,USA_2000,USA_2004,USA_2008,USA_2012,USA_2016,USA_2020,China_2000,China_2004,China_2008,China_2012,China_2016,China_2020,UK_2000,UK_2004,UK_2008,UK_2012,UK_2016,UK_2020,Russia_2000,Russia_2004,Russia_2008,Russia_2012,Russia_2016,Russia_2020
0,area,54,28,38,41,43,21
0,area,57,56,49,80,32,95
0,area,99,17,11,40,7,8
0,area,81,94,57,57,84,9
1,line,40,60,61,37,28,55
1,line,84,23,20,47,83,23
1,line,18,28,41,81,53,24
1,line,69,84,6,15,87,78
Trial Number,Chart Type,USA_2000,USA_2004,USA_2008,USA_2012,USA_2016,USA_2020,China_2000,China_2004,China_2008,China_2012,China_2016,China_2020,UK_2000,UK_2004,UK_2008,UK_2012,UK_2016,UK_2020,Russia_2000,Russia_2004,Russia_2008,Russia_2012,Russia_2016,Russia_2020
0,area,3,3,42,11,33,99
0,area,58,79,26,91,55,12
0,area,28,17,57,0,94,86
0,area,7,59,46,46,38,16
1,line,46,28,10,4,16,77
1,line,91,72,84,96,87,4
1,line,44,34,99,87,51,89
1,line,84,7,8,80,41,23
2,area,38,81,24,64,43,90
2,area,31,21,12,99,33,46
2,area,32,20,9,26,18,45
2,area,46,30,0,81,89,52
Trial Number,Chart Type,USA_2000,USA_2004,USA_2008,USA_2012,USA_2016,USA_2020,China_2000,China_2004,China_2008,China_2012,China_2016,China_2020,UK_2000,UK_2004,UK_2008,UK_2012,UK_2016,UK_2020,Russia_2000,Russia_2004,Russia_2008,Russia_2012,Russia_2016,Russia_2020
0,area,8,74,64,62,94,38
0,area,49,74,35,56,13,50
0,area,36,80,61,74,64,38
0,area,80,32,0,65,20,35
1,line,20,26,61,41,26,41
1,line,94,18,62,57,64,32
1,line,89,42,64,48,91,67
1,line,24,74,1,27,92,76
2,area,77,66,17,42,33,2
2,area,6,37,55,97,81,84
2,area,23,53,63,80,8,49
2,area,99,46,44,65,73,27
Trial Number,Chart Type,USA_2000,USA_2004,USA_2008,USA_2012,USA_2016,USA_2020,China_2000,China_2004,China_2008,China_2012,China_2016,China_2020,UK_2000,UK_2004,UK_2008,UK_2012,UK_2016,UK_2020,Russia_2000,Russia_2004,Russia_2008,Russia_2012,Russia_2016,Russia_2020
0,area,97,31,66,92,70,51
0,area,32,59,72,7,2,43
0,area,74,16,64,30,50,34
0,area,29,45,59,94,87,2
1,line,84,64,54,44,21,9
1,line,90,58,4,77,98,88
1,line,5,85,22,6,97,46
1,line,34,38,77,99,3,21
Trial Number,Chart Type,USA_2000,USA_2004,USA_2008,USA_2012,USA_2016,USA_2020,China_2000,China_2004,China_2008,China_2012,China_2016,China_2020,UK_2000,UK_2004,UK_2008,UK_2012,UK_2016,UK_2020,Russia_2000,Russia_2004,Russia_2008,Russia_2012,Russia_2016,Russia_2020
0,area,71,47,96,0,88,55
0,area,5,77,87,50,88,46
0,area,64,45,13,59,57,37
0,area,88,98,94,35,13,20
1,line,86,46,62,48,51,29
1,line,16,45,79,94,6,74
1,line,90,26,13,40,79,41
1,line,72,69,91,87,68,98
2,area,65,30,47,13,69,47
2,area,36,83,89,40,33,42
2,area,52,88,52,62,60,90
2,area,0,29,94,59,90,0
3,line,34,30,9,70,31,14
3,line,4,25,78,75,98,36
3,line,84,7,40,4,58,16
3,line,28,24,8,83,68,49
4,area,47,87,26,32,28,57
4,area,77,45,50,7,68,7
4,area,96,84,25,47,19,77
4,area,40,58,74,23,10,20
5,line,93,41,41,73,57,34
5,line,71,50,84,37,21,0
5,line,72,36,87,32,95,35
5,line,54,56,25,98,23,24
6,area,5,16,50,3,43,53
6,area,33,16,67,98,81,83
6,area,31,49,95,72,14,6
6,area,48,48,22,75,28,47
7,line,85,91,36,30,61,16
7,line,91,88,15,7,52,53
7,line,68,22,33,20,12,4
7,line,14,8,75,74,96,76
8,area,67,52,92,14,27,25
8,area,17,96,8,25,96,48
8,area,70,61,36,26,76,3
8,area,81,39,11,27,31,64
9,line,46,49,76,73,83,24
9,line,67,43,75,70,31,57
9,line,92,41,61,88,0,18
9,line,30,73,29,35,23,51
Trial Number,Chart Type,USA_2000,USA_2004,USA_2008,USA_2012,USA_2016,USA_2020,China_2000,China_2004,China_2008,China_2012,China_2016,China_2020,UK_2000,UK_2004,UK_2008,UK_2012,UK_2016,UK_2020,Russia_2000,Russia_2004,Russia_2008,Russia_2012,Russia_2016,Russia_2020
0,area,6,36,38,22,88,9
0,area,0,82,91,16,51,30
0,area,44,3,58,56,41,34
0,area,7,7,98,41,31,20
1,line,67,97,70,56,45,83
1,line,90,8,37,6,81,82
1,line,0,61,69,95,89,67
1,line,27,47,23,70,7,45
2,area,50,86,87,22,72,4
2,area,0,61,0,31,98,18
2,area,13,1,39,61,86,33
2,area,2,28,39,95,13,56
3,line,28,43,62,32,75,31
3,line,50,74,75,92,18,5
3,line,8,30,25,14,11,16
3,line,40,74,45,16,29,4
4,area,84,49,71,12,70,77
4,area,37,28,70,9,62,37
4,area,97,15,0,21,90,47
4,area,64,65,9,73,59,93
5,line,82,93,54,95,32,94
5,line,3,53,99,40,35,52
5,line,27,81,78,83,56,49
5,line,59,71,70,41,14,81
6,area,9,9,94,41,53,99
6,area,99,7,92,15,30,83
6,area,21,51,69,37,14,17
6,area,50,88,96,18,97,98
7,line,4,42,12,78,26,56
7,line,40,45,93,37,84,59
7,line,17,29,37,34,55,24
7,line,64,18,83,41,6,96
8,area,82,72,86,13,80,76
8,area,45,6,92,27,21,19
8,area,67,35,6,23,22,95
8,area,29,28,14,78,0,36
9,line,96,49,41,27,5,81
9,line,69,61,85,35,12,32
9,line,53,72,65,88,23,74
9,line,42,24,75,41,30,66
Trial Number,Chart Type,USA_2000,USA_2004,USA_2008,USA_2012,USA_2016,USA_2020,China_2000,China_2004,China_2008,China_2012,China_2016,China_2020,UK_2000,UK_2004,UK_2008,UK_2012,UK_2016,UK_2020,Russia_2000,Russia_2004,Russia_2008,Russia_2012,Russia_2016,Russia_2020
0,area,43,65,58,41,32,40
0,area,39,3,43,29,11,45
0,area,12,24,9,49,84,66
0,area,39,1,56,71,47,50
1,line,1,51,36,92,40,4
1,line,13,68,21,90,17,67
1,line,57,5,20,11,46,62
1,line,57,30,58,52,10,24
2,area,12,35,79,35,11,67
2,area,7,30,66,29,61,88
2,area,36,39,21,14,67,24
2,area,38,28,52,23,97,93
3,line,63,96,75,61,28,17
3,line,0,51,25,7,93,38
3,line,6,85,45,64,15,49
3,line,8,11,75,76,10,91
Trial Number,Chart Type,USA_2000,USA_2004,USA_2008,USA_2012,USA_2016,USA_2020,China_2000,China_2004,China_2008,China_2012,China_2016,China_2020,UK_2000,UK_2004,UK_2008,UK_2012,UK_2016,UK_2020,Russia_2000,Russia_2004,Russia_2008,Russia_2012,Russia_2016,Russia_2020
0,area,75,69,71,60,96,75
0,area,87,22,65,91,92,52
0,area,32,56,34,92,22,68
0,area,42,85,28,77,92,47
1,line,45,46,18,14,33,5
1,line,50,68,44,99,78,99
1,line,60,58,99,61,77,97
1,line,62,39,19,19,19,63
2,area,58,25,54,59,91,32
2,area,89,58,99,59,74,87
2,area,40,28,93,95,54,17
2,area,24,34,96,12,35,10
3,line,20,51,58,56,33,65
3,line,69,20,97,48,63,83
3,line,70,10,97,28,13,98
3,line,87,52,8,68,66,44
4,area,87,12,81,60,77,71
4,area,19,78,75,66,57,88
4,area,85,59,96,79,30,21
4,area,5,42,93,47,60,47
5,line,16,82,36,5,18,88
5,line,59,8,0,44,33,30
5,line,84,28,74,31,87,28
5,line,68,13,89,29,20,26
6,area,93,68,95,34,12,25
6,area,63,18,72,76,55,39
6,area,72,91,74,96,59,19
6,area,84,45,81,54,73,38
7,line,85,81,1,66,93,16
7,line,9,37,1,44,38,37
7,line,38,77,6,50,66,91
7,line,51,95,84,45,20,40
8,area,81,99,76,96,27,37
8,area,43,22,36,8,97,46
8,area,83,13,70,58,35,57
8,area,90,64,78,66,90,74
9,line,4,69,7,83,36,45
9,line,57,78,45,12,93,79
9,line,23,22,88,63,52,84
9,line,98,70,48,63,20,83
Trial Number,Chart Type,USA_2000,USA_2004,USA_2008,USA_2012,USA_2016,USA_2020,China_2000,China_2004,China_2008,China_2012,China_2016,China_2020,UK_2000,UK_2004,UK_2008,UK_2012,UK_2016,UK_2020,Russia_2000,Russia_2004,Russia_2008,Russia_2012,Russia_2016,Russia_2020
0,area,43,89,48,42,57,66
0,area,82,50,29,94,91,83
0,area,96,91,48,39,34,59
0,area,63,21,3,27,54,48
1,line,10,88,58,44,22,0
1,line,45,19,22,69,48,56
1,line,93,53,82,16,64,55
1,line,33,41,75,55,0,94
2,area,92,59,2,38,42,89
2,area,1,96,30,2,36,92
2,area,98,48,37,63,31,41
2,area,21,7,18,39,88,45
3,line,8,90,74,78,10,93
3,line,60,93,51,25,4,2
3,line,97,18,37,61,12,18
3,line,46,74,28,72,51,32
4,area,29,34,8,44,7,83
4,area,80,16,56,96,75,16
4,area,27,39,47,44,83,98
4,area,73,51,61,75,10,77
5,line,69,74,82,52,24,81
5,line,91,42,52,43,81,38
5,line,2,45,0,57,49,23
5,line,1,0,62,94,16,42
6,area,23,29,5,89,40,78
6,area,81,70,70,15,16,30
6,area,62,46,97,51,7,71
6,area,86,44,50,63,17,42
7,line,4,8,44,44,62,98
7,line,22,25,68,18,7,42
7,line,17,2,19,10,88,94
7,line,99,21,87,32,0,18
8,area,18,16,87,78,90,97
8,area,37,40,63,94,92,30
8,area,85,69,19,49,17,5
8,area,54,83,90,42,38,54
9,line,71,81,24,27,17,94
9,line,66,92,65,70,72,39
9,line,20,74,7,41,34,42
9,line,10,41,78,13,43,85
1,area,88,92,87,20,6,16
1,area,2,69,11,16,69,17
1,area,70,89,53,13,57,11
1,area,95,61,46,67,64,89
2,line,75,26,11,64,23,18
2,line,98,7,47,16,22,56
2,line,43,78,97,49,77,93
2,line,2,24,31,56,59,20
3,area,28,74,1,69,49,9
3,area,74,27,45,22,86,44
3,area,63,83,33,53,19,0
3,area,9,83,14,54,86,79
4,line,64,64,7,76,13,3
4,line,54,78,6,91,45,45
4,line,18,81,32,88,51,53
4,line,31,36,24,99,46,10
5,area,2,94,83,18,44,41
5,area,46,34,47,95,0,51
5,area,91,92,51,15,30,51
5,area,65,75,56,58,97,32
6,line,49,87,96,1,53,78
6,line,5,40,82,73,15,34
6,line,32,95,2,33,31,1
6,line,85,61,24,71,71,89
7,area,10,63,20,77,92,27
7,area,64,5,55,43,38,51
7,area,97,32,37,80,4,91
7,area,5,62,66,19,55,81
8,line,91,57,60,30,16,76
8,line,62,42,62,50,73,26
8,line,83,28,98,91,68,80
8,line,2,25,82,88,19,24
9,area,53,49,93,96,41,36
9,area,12,92,35,90,59,81
9,area,52,59,4,10,8,18
9,area,13,96,48,62,94,68
10,line,43,88,85,25,90,85
10,line,76,96,20,84,57,76
10,line,45,87,69,98,84,21
10,line,25,38,64,56,96,55
Trial Number,Chart Type,USA_2000,USA_2004,USA_2008,USA_2012,USA_2016,USA_2020,China_2000,China_2004,China_2008,China_2012,China_2016,China_2020,UK_2000,UK_2004,UK_2008,UK_2012,UK_2016,UK_2020,Russia_2000,Russia_2004,Russia_2008,Russia_2012,Russia_2016,Russia_2020
0,area,73,1,91,35,6,75
0,area,15,24,9,71,36,48
0,area,20,60,47,13,2,75
0,area,31,30,86,86,7,53
1,line,86,89,96,79,31,3
1,line,90,58,45,6,61,27
1,line,26,20,12,17,91,40
1,line,89,80,94,58,74,99
2,area,56,79,18,87,84,78
2,area,1,94,36,64,97,33
2,area,65,72,18,52,22,84
2,area,89,69,80,14,4,7
3,line,27,26,58,34,28,86
3,line,85,23,69,10,2,69
3,line,28,17,55,37,49,76
3,line,21,70,15,26,6,74
4,area,38,98,86,24,22,9
4,area,7,84,20,10,94,10
4,area,16,32,75,91,53,2
4,area,80,50,70,2,71,37
5,line,94,27,9,57,95,32
5,line,15,8,92,5,16,55
5,line,79,38,63,37,49,17
5,line,96,28,44,14,35,9
6,area,34,78,62,46,87,45
6,area,47,44,79,98,44,66
6,area,92,36,16,68,46,48
6,area,94,98,24,98,83,15
7,line,82,69,90,97,2,73
7,line,59,42,56,50,24,80
7,line,62,82,14,28,64,62
7,line,9,64,59,87,72,56
8,area,60,23,13,83,74,71
8,area,96,55,75,99,21,44
8,area,22,19,32,20,13,5
8,area,24,72,23,46,15,76
9,line,25,94,79,93,49,8
9,line,81,45,16,70,3,62
9,line,52,4,6,29,7,28
9,line,33,8,83,62,72,26
10,area,31,5,3,20,26,74
10,area,8,98,25,60,79,33
10,area,31,9,46,57,83,8
10,area,59,42,40,73,50,3
Trial Number,Chart Type,USA_2000,USA_2004,USA_2008,USA_2012,USA_2016,USA_2020,China_2000,China_2004,China_2008,China_2012,China_2016,China_2020,UK_2000,UK_2004,UK_2008,UK_2012,UK_2016,UK_2020,Russia_2000,Russia_2004,Russia_2008,Russia_2012,Russia_2016,Russia_2020
0,area,54,35,75,63,38,14
0,area,85,74,20,51,62,32
0,area,9,79,13,8,21,52
0,area,82,97,91,56,40,59
Trial Number,Chart Type,USA_2000,USA_2004,USA_2008,USA_2012,USA_2016,USA_2020,China_2000,China_2004,China_2008,China_2012,China_2016,China_2020,UK_2000,UK_2004,UK_2008,UK_2012,UK_2016,UK_2020,Russia_2000,Russia_2004,Russia_2008,Russia_2012,Russia_2016,Russia_2020
0,area,25,84,68,2,66,18
0,area,37,81,58,2,42,76
0,area,47,60,39,76,30,93
0,area,84,72,4,28,59,44
1,line,10,62,17,42,29,62
1,line,60,93,16,16,82,51
1,line,63,94,88,87,12,71
1,line,56,95,13,27,79,20
2,area,90,82,54,97,70,4
2,area,66,84,13,78,93,29
2,area,53,54,53,4,12,53
2,area,2,85,92,92,93,74
3,line,31,15,72,25,0,41
3,line,95,86,98,52,58,45
3,line,10,85,19,81,22,59
3,line,56,37,78,36,43,70
4,area,49,33,30,68,63,72
4,area,65,98,84,66,63,36
4,area,76,3,39,61,8,53
4,area,15,4,98,60,44,30
5,line,96,75,98,59,46,18
5,line,9,65,9,7,82,8
5,line,0,89,85,81,6,44
5,line,26,49,59,44,6,41
6,area,17,30,54,47,86,84
6,area,42,22,82,1,54,45
6,area,82,70,22,15,92,40
6,area,62,67,8,62,38,77
7,line,26,29,47,41,99,67
7,line,60,9,0,81,34,52
7,line,82,42,70,55,21,20
7,line,12,84,48,44,82,30
8,area,95,31,16,5,4,80
8,area,57,64,91,19,95,0
8,area,71,43,15,74,1,45
8,area,53,48,66,50,36,52
9,line,70,15,60,1,80,80
9,line,67,50,93,90,2,61
9,line,50,44,93,22,63,0
9,line,68,30,37,1,82,34
10,area,85,0,85,17,89,93
10,area,82,89,10,72,80,93
10,area,49,87,81,86,8,4
10,area,29,88,99,13,35,63
Trial Number,Chart Type,USA_2000,USA_2004,USA_2008,USA_2012,USA_2016,USA_2020,China_2000,China_2004,China_2008,China_2012,China_2016,China_2020,UK_2000,UK_2004,UK_2008,UK_2012,UK_2016,UK_2020,Russia_2000,Russia_2004,Russia_2008,Russia_2012,Russia_2016,Russia_2020
0,area,74,99,39,76,12,87
0,area,85,89,22,42,16,25
0,area,9,50,80,62,15,94
0,area,63,72,48,87,22,52
1,line,36,46,79,65,68,83
1,line,11,96,94,87,70,70
1,line,80,22,86,27,40,11
1,line,45,61,96,65,45,17
2,area,14,72,28,30,43,50
2,area,60,33,51,1,61,2
2,area,73,32,41,11,4,61
2,area,49,87,64,21,74,14
3,line,93,73,85,9,12,24
3,line,50,23,39,83,8,46
3,line,91,60,79,50,50,78
3,line,23,29,69,29,60,63
4,area,88,2,16,71,18,69
4,area,59,32,33,41,41,98
4,area,99,21,32,73,11,28
4,area,21,39,63,56,18,0
5,line,53,27,7,33,26,68
5,line,47,98,7,21,2,41
5,line,29,92,40,61,55,45
5,line,0,76,7,90,25,97
6,area,69,13,27,76,3,59
6,area,36,2,18,54,73,40
6,area,29,54,42,30,32,89
6,area,69,18,97,58,49,26
7,line,15,87,5,45,77,96
7,line,11,62,84,79,60,38
7,line,26,81,2,19,26,4
7,line,63,76,37,29,87,22
8,area,96,29,42,14,7,77
8,area,7,35,73,1,98,92
8,area,75,43,81,28,32,20
8,area,72,92,29,99,31,60
9,line,66,47,76,20,70,11
9,line,83,28,84,49,94,54
9,line,63,59,12,64,72,84
9,line,84,28,75,34,60,82
10,area,84,68,48,43,67,98
10,area,31,72,26,30,80,71
10,area,72,68,86,90,37,97
10,area,88,77,67,64,58,79
Trial Number,Chart Type,USA_2000,USA_2004,USA_2008,USA_2012,USA_2016,USA_2020,China_2000,China_2004,China_2008,China_2012,China_2016,China_2020,UK_2000,UK_2004,UK_2008,UK_2012,UK_2016,UK_2020,Russia_2000,Russia_2004,Russia_2008,Russia_2012,Russia_2016,Russia_2020
0,area,99,23,67,57,47,73
0,area,59,57,64,57,98,16
0,area,50,46,20,29,95,55
0,area,56,10,84,65,43,55
1,line,77,63,0,21,54,98
1,line,98,78,87,50,67,68
1,line,89,93,35,86,74,96
1,line,20,69,42,36,47,39
2,area,92,55,57,51,77,42
2,area,23,5,76,69,7,18
2,area,59,93,91,30,60,66
2,area,97,75,11,63,74,7
3,line,80,34,19,2,64,67
3,line,43,75,59,82,88,65
3,line,74,18,42,95,85,0
3,line,23,1,87,92,67,59
4,area,86,42,81,72,30,98
4,area,1,49,85,48,93,42
4,area,69,34,82,7,83,0
4,area,65,12,41,23,33,19
5,line,47,67,10,21,1,54
5,line,74,4,43,51,97,97
5,line,53,88,34,84,2,93
5,line,58,26,56,28,0,37
6,area,36,91,68,45,42,53
6,area,24,61,15,7,44,56
6,area,64,71,80,19,43,40
6,area,22,87,4,66,55,94
7,line,12,34,10,99,85,43
7,line,86,75,5,5,92,7
7,line,8,98,72,14,62,93
7,line,23,93,60,21,37,5
8,area,39,29,57,28,41,9
8,area,86,90,50,59,55,43
8,area,73,91,75,32,82,33
8,area,60,46,60,7,39,89
9,line,83,77,66,63,98,26
9,line,41,31,10,0,5,61
9,line,25,86,12,52,6,0
9,line,35,32,29,58,25,17
10,area,62,78,15,19,68,6
10,area,57,67,86,21,46,73
10,area,34,83,45,15,63,24
10,area,99,34,63,87,71,25
Trial Number,Chart Type,USA_2000,USA_2004,USA_2008,USA_2012,USA_2016,USA_2020,China_2000,China_2004,China_2008,China_2012,China_2016,China_2020,UK_2000,UK_2004,UK_2008,UK_2012,UK_2016,UK_2020,Russia_2000,Russia_2004,Russia_2008,Russia_2012,Russia_2016,Russia_2020
0,area,76,36,90,64,39,87
0,area,95,86,35,4,90,30
0,area,43,77,2,41,83,55
0,area,5,31,88,61,56,21
1,line,54,7,5,11,75,57
1,line,57,44,51,76,86,89
1,line,55,2,76,73,79,43
1,line,82,21,72,25,56,64
Trial Number,Chart Type,USA_2000,USA_2004,USA_2008,USA_2012,USA_2016,USA_2020,China_2000,China_2004,China_2008,China_2012,China_2016,China_2020,UK_2000,UK_2004,UK_2008,UK_2012,UK_2016,UK_2020,Russia_2000,Russia_2004,Russia_2008,Russia_2012,Russia_2016,Russia_2020
0,area,60,6,95,67,80,8
0,area,82,28,77,5,55,67
0,area,30,22,65,55,46,1
0,area,57,24,50,7,45,96
1,line,87,86,24,30,60,77
1,line,92,1,5,91,81,48
1,line,94,62,60,65,93,50
1,line,38,50,53,31,80,60
2,area,12,61,31,14,21,35
2,area,37,82,84,44,52,98
2,area,12,84,12,78,61,58
2,area,52,61,29,88,28,94
3,line,44,92,60,26,53,6
3,line,92,45,61,17,51,56
3,line,46,4,25,5,47,9
3,line,90,14,61,4,3,25
4,area,29,52,81,0,23,32
4,area,90,33,74,91,66,88
4,area,91,13,69,41,27,50
4,area,48,55,9,26,31,36
5,line,35,17,82,90,46,75
5,line,94,97,51,65,22,6
5,line,57,4,93,34,41,25
5,line,48,46,46,18,50,9
Trial Number,Chart Type,USA_2000,USA_2004,USA_2008,USA_2012,USA_2016,USA_2020,China_2000,China_2004,China_2008,China_2012,China_2016,China_2020,UK_2000,UK_2004,UK_2008,UK_2012,UK_2016,UK_2020,Russia_2000,Russia_2004,Russia_2008,Russia_2012,Russia_2016,Russia_2020
0,area,39,62,11,94,67,91
0,area,97,51,17,44,93,89
0,area,87,72,22,79,13,66
0,area,18,57,10,11,61,45
1,line,77,18,10,24,53,97
1,line,91,80,84,82,95,87
1,line,0,89,75,22,22,59
1,line,35,91,51,55,54,28
2,area,97,16,63,43,19,98
2,area,93,14,24,63,94,14
2,area,32,73,66,15,27,7
2,area,64,68,22,77,38,55
3,line,48,71,65,32,8,68
3,line,16,19,81,50,47,83
3,line,28,39,6,86,81,40
3,line,63,19,59,61,60,66
4,area,49,50,4,38,54,85
4,area,3,2,10,28,89,82
4,area,53,84,38,27,1,99
4,area,24,37,55,67,67,15
Trial Number,Chart Type,USA_2000,USA_2004,USA_2008,USA_2012,USA_2016,USA_2020,China_2000,China_2004,China_2008,China_2012,China_2016,China_2020,UK_2000,UK_2004,UK_2008,UK_2012,UK_2016,UK_2020,Russia_2000,Russia_2004,Russia_2008,Russia_2012,Russia_2016,Russia_2020
0,area,65,66,17,66,99,48
0,area,24,74,20,10,29,61
0,area,54,43,76,17,75,1
0,area,54,79,62,28,75,99
1,line,68,14,92,15,87,73
1,line,24,62,20,46,98,11
1,line,23,72,40,94,4,63
1,line,99,10,65,65,8,89
2,area,98,58,23,16,53,87
2,area,14,56,35,18,85,1
2,area,84,99,97,52,52,15
2,area,47,28,11,31,20,6
3,line,30,60,63,61,24,55
3,line,94,34,74,93,73,16
3,line,24,35,68,93,13,95
3,line,40,76,88,74,79,49
4,area,44,25,66,15,74,42
4,area,54,52,34,15,24,52
4,area,56,52,44,42,95,58
4,area,68,18,90,40,88,38
5,line,0,35,60,76,42,60
5,line,63,71,96,81,94,39
5,line,24,43,57,66,7,99
5,line,17,19,4,9,17,16
6,area,22,88,83,33,24,16
6,area,76,38,37,60,69,47
6,area,71,59,90,88,72,10
6,area,1,67,11,28,59,22
7,line,90,60,67,19,51,96
7,line,9,83,97,42,94,77
7,line,27,16,27,3,26,54
7,line,24,89,79,50,70,67
8,area,67,2,47,27,24,59
8,area,10,23,83,87,17,20
8,area,8,55,41,9,93,41
8,area,52,87,99,13,27,48
9,line,42,1,47,5,32,34
9,line,37,21,40,33,45,10
9,line,64,9,42,44,40,37
9,line,86,58,94,88,79,98
10,area,21,3,7,11,60,80
10,area,53,80,21,90,50,46
10,area,32,68,70,72,78,17
10,area,99,10,90,2,96,44
Trial Number,Chart Type,USA_2000,USA_2004,USA_2008,USA_2012,USA_2016,USA_2020,China_2000,China_2004,China_2008,China_2012,China_2016,China_2020,UK_2000,UK_2004,UK_2008,UK_2012,UK_2016,UK_2020,Russia_2000,Russia_2004,Russia_2008,Russia_2012,Russia_2016,Russia_2020
0,area,79,39,14,22,70,70
0,area,60,27,91,79,63,82
0,area,99,20,18,62,72,69
0,area,9,93,31,80,34,23
Trial Number,Chart Type,USA_2000,USA_2004,USA_2008,USA_2012,USA_2016,USA_2020,China_2000,China_2004,China_2008,China_2012,China_2016,China_2020,UK_2000,UK_2004,UK_2008,UK_2012,UK_2016,UK_2020,Russia_2000,Russia_2004,Russia_2008,Russia_2012,Russia_2016,Russia_2020
0,area,49,35,20,85,50,10
0,area,17,28,49,22,0,91
0,area,10,89,48,73,87,43
0,area,14,50,82,25,8,20
Trial Number,Chart Type,USA_2000,USA_2004,USA_2008,USA_2012,USA_2016,USA_2020,China_2000,China_2004,China_2008,China_2012,China_2016,China_2020,UK_2000,UK_2004,UK_2008,UK_2012,UK_2016,UK_2020,Russia_2000,Russia_2004,Russia_2008,Russia_2012,Russia_2016,Russia_2020
0,area,7,13,56,39,11,19
0,area,17,89,36,40,69,18
0,area,9,45,49,12,66,97
0,area,20,63,72,55,20,86
1,line,16,67,21,17,12,98
1,line,99,37,92,74,87,76
1,line,61,94,83,28,40,66
1,line,6,53,77,42,2,41
Trial Number,Chart Type,USA_2000,USA_2004,USA_2008,USA_2012,USA_2016,USA_2020,China_2000,China_2004,China_2008,China_2012,China_2016,China_2020,UK_2000,UK_2004,UK_2008,UK_2012,UK_2016,UK_2020,Russia_2000,Russia_2004,Russia_2008,Russia_2012,Russia_2016,Russia_2020
0,area,30,63,28,23,62,78
0,area,15,99,55,34,30,76
0,area,86,24,83,78,0,68
0,area,78,92,35,58,69,39
1,line,24,62,88,39,44,45
1,line,26,41,53,56,89,50
1,line,37,50,77,62,64,31
1,line,15,51,21,83,41,45
Trial Number,Chart Type,USA_2000,USA_2004,USA_2008,USA_2012,USA_2016,USA_2020,China_2000,China_2004,China_2008,China_2012,China_2016,China_2020,UK_2000,UK_2004,UK_2008,UK_2012,UK_2016,UK_2020,Russia_2000,Russia_2004,Russia_2008,Russia_2012,Russia_2016,Russia_2020
0,area,96,69,88,11,98,7
0,area,26,92,20,99,59,26
0,area,65,17,74,92,61,74
0,area,28,54,4,73,41,40
Trial Number,Chart Type,USA_2000,USA_2004,USA_2008,USA_2012,USA_2016,USA_2020,China_2000,China_2004,China_2008,China_2012,China_2016,China_2020,UK_2000,UK_2004,UK_2008,UK_2012,UK_2016,UK_2020,Russia_2000,Russia_2004,Russia_2008,Russia_2012,Russia_2016,Russia_2020
0,area,51,88,90,6,49,53
0,area,25,94,7,58,60,73
0,area,31,89,59,89,7,7
0,area,16,66,99,1,2,91
Trial Number,Chart Type,User Input,USA_2000,USA_2004,USA_2008,USA_2012,USA_2016,USA_2020,China_2000,China_2004,China_2008,China_2012,China_2016,China_2020,UK_2000,UK_2004,UK_2008,UK_2012,UK_2016,UK_2020,Russia_2000,Russia_2004,Russia_2008,Russia_2012,Russia_2016,Russia_2020
0,area,,11,2,38,27,32,62
0,area,,8,49,50,21,72,39
0,area,,65,66,63,57,16,50
0,area,,21,18,99,12,50,39
1,line,This is the first chart that has been shown,91,36,95,28,15,23
1,line,This is the first chart that has been shown,53,99,25,2,97,33
1,line,This is the first chart that has been shown,88,48,90,47,74,59
1,line,This is the first chart that has been shown,11,18,29,10,70,29
Trial Number,Chart Type,User Input,USA_2000,USA_2004,USA_2008,USA_2012,USA_2016,USA_2020,China_2000,China_2004,China_2008,China_2012,China_2016,China_2020,UK_2000,UK_2004,UK_2008,UK_2012,UK_2016,UK_2020,Russia_2000,Russia_2004,Russia_2008,Russia_2012,Russia_2016,Russia_2020
0,area,,65,33,30,65,80,21
0,area,,19,81,1,49,14,16
0,area,,53,34,55,79,58,76
0,area,,26,6,21,86,31,73
1,line,,99,70,72,61,92,83
1,line,,91,11,65,30,74,15
1,line,,49,35,80,58,8,9
1,line,,68,36,52,43,19,29
2,area,,12,92,65,79,89,8
2,area,,51,85,85,6,54,2
2,area,,39,28,80,92,10,21
2,area,,87,98,25,36,15,88
3,line,,84,54,40,81,58,10
3,line,,58,46,77,94,6,74
3,line,,66,19,5,67,4,67
3,line,,94,0,0,93,57,49
4,area,,89,57,29,43,28,47
4,area,,4,27,1,75,56,83
4,area,,28,25,56,59,41,63
4,area,,22,38,77,2,89,40
5,line,,42,30,46,83,90,92
5,line,,99,88,13,76,4,37
5,line,,92,74,76,23,30,91
5,line,,30,66,7,59,12,93
6,area,,79,24,4,40,84,52
6,area,,56,11,86,73,14,68
6,area,,9,82,30,76,48,65
6,area,,57,39,22,51,47,25
7,line,,87,30,38,77,29,48
7,line,,46,0,83,9,62,29
7,line,,76,42,24,62,15,18
7,line,,49,48,34,64,33,64
8,area,,82,17,89,16,34,84
8,area,,54,46,9,79,26,94
8,area,,15,96,24,11,5,74
8,area,,7,43,45,24,26,22
9,line,,52,44,92,60,74,37
9,line,,67,8,25,16,46,81
9,line,,12,70,99,92,84,18
9,line,,14,99,42,8,17,34
10,area,,43,95,22,8,31,92
10,area,,52,3,8,50,25,89
10,area,,20,21,39,72,70,3
10,area,,68,21,7,91,92,83
Trial Number,Chart Type,User Input,USA_2000,USA_2004,USA_2008,USA_2012,USA_2016,USA_2020,China_2000,China_2004,China_2008,China_2012,China_2016,China_2020,UK_2000,UK_2004,UK_2008,UK_2012,UK_2016,UK_2020,Russia_2000,Russia_2004,Russia_2008,Russia_2012,Russia_2016,Russia_2020
0,area,,55,67,34,60,64,77
0,area,,4,48,35,10,73,64
0,area,,70,59,23,96,74,89
0,area,,20,38,66,70,42,95
1,line,,17,65,98,58,10,76
1,line,,98,25,6,1,13,41
1,line,,24,54,39,32,63,24
1,line,,77,44,75,92,19,53
Trial Number,Chart Type,User Input,USA_2000,USA_2004,USA_2008,USA_2012,USA_2016,USA_2020,China_2000,China_2004,China_2008,China_2012,China_2016,China_2020,UK_2000,UK_2004,UK_2008,UK_2012,UK_2016,UK_2020,Russia_2000,Russia_2004,Russia_2008,Russia_2012,Russia_2016,Russia_2020
0,area,,47,72,21,3,22,99
0,area,,5,95,75,97,65,20
0,area,,26,68,27,74,28,16
0,area,,69,84,92,46,9,40
1,line,,0,58,62,33,68,83
1,line,,65,71,56,16,72,91
1,line,,70,4,24,76,35,88
1,line,,65,83,79,69,2,86
2,area,,85,71,79,70,87,64
2,area,,24,92,8,64,16,18
2,area,,89,23,2,46,40,75
2,area,,11,1,57,94,68,91
3,line,,28,94,53,20,52,76
3,line,,44,80,15,70,82,63
3,line,,39,50,82,54,54,83
3,line,,39,16,48,9,1,71
4,area,,13,9,16,48,97,97
4,area,,24,14,70,52,98,37
4,area,,85,1,30,80,92,13
4,area,,11,77,93,6,68,21
5,line,,71,92,78,19,7,20
5,line,,92,82,76,39,55,25
5,line,,39,14,59,82,12,59
5,line,,79,2,6,9,3,52
6,area,,64,60,68,3,41,80
6,area,,0,10,83,79,79,75
6,area,,52,72,52,14,83,74
6,area,,47,7,83,66,83,31
7,line,,78,90,71,84,38,51
7,line,,92,38,39,52,77,12
7,line,,41,84,18,40,18,18
7,line,,55,58,26,36,65,28
8,area,,64,91,62,97,39,50
8,area,,52,40,84,79,71,23
8,area,,80,33,12,75,39,85
8,area,,6,93,74,67,12,51
9,line,,47,41,99,6,62,58
9,line,,10,33,16,32,10,57
9,line,,61,4,55,65,56,89
9,line,,86,91,47,24,77,12
10,area,,29,20,2,45,12,65
10,area,,66,64,22,4,68,66
10,area,,89,74,34,53,99,89
10,area,,57,57,27,44,54,49
Trial Number,Chart Type,User Input,USA_2000,USA_2004,USA_2008,USA_2012,USA_2016,USA_2020,China_2000,China_2004,China_2008,China_2012,China_2016,China_2020,UK_2000,UK_2004,UK_2008,UK_2012,UK_2016,UK_2020,Russia_2000,Russia_2004,Russia_2008,Russia_2012,Russia_2016,Russia_2020
0,area,,49,28,27,33,55,13
0,area,,6,40,77,47,44,46
0,area,,65,24,78,70,52,3
0,area,,8,29,63,42,96,55
Trial Number,Chart Type,User Input,USA_2000,USA_2004,USA_2008,USA_2012,USA_2016,USA_2020,China_2000,China_2004,China_2008,China_2012,China_2016,China_2020,UK_2000,UK_2004,UK_2008,UK_2012,UK_2016,UK_2020,Russia_2000,Russia_2004,Russia_2008,Russia_2012,Russia_2016,Russia_2020
0,area,,75,89,18,33,57,30
0,area,,37,94,44,22,87,77
0,area,,81,50,44,60,21,36
0,area,,94,76,24,1,13,56
1,line,,72,57,83,67,81,42
1,line,,16,37,57,90,28,93
1,line,,77,88,16,25,89,24
1,line,,30,72,40,71,13,14
Trial Number,Chart Type,User Input,USA_2000,USA_2004,USA_2008,USA_2012,USA_2016,USA_2020,China_2000,China_2004,China_2008,China_2012,China_2016,China_2020,UK_2000,UK_2004,UK_2008,UK_2012,UK_2016,UK_2020,Russia_2000,Russia_2004,Russia_2008,Russia_2012,Russia_2016,Russia_2020
0,area,,99,99,46,43,90,50
0,area,,7,48,53,30,57,17
0,area,,32,62,29,99,17,78
0,area,,16,94,64,64,69,48
1,line,,92,49,69,82,44,58
1,line,,86,41,50,97,51,91
1,line,,37,66,36,76,88,36
1,line,,11,11,47,17,87,70
Trial Number,Chart Type,User Input,USA_2000,USA_2004,USA_2008,USA_2012,USA_2016,USA_2020,China_2000,China_2004,China_2008,China_2012,China_2016,China_2020,UK_2000,UK_2004,UK_2008,UK_2012,UK_2016,UK_2020,Russia_2000,Russia_2004,Russia_2008,Russia_2012,Russia_2016,Russia_2020
0,area,,16,67,38,52,25,91
0,area,,75,47,18,47,7,89
0,area,,39,85,9,11,17,39
0,area,,96,59,95,50,25,39
1,line,,53,4,36,78,46,14
1,line,,15,84,27,48,42,42
1,line,,77,39,13,75,55,48
1,line,,99,22,45,36,15,82
2,area,,22,20,68,56,0,62
2,area,,86,18,5,32,90,99
2,area,,69,56,9,56,61,7
2,area,,79,22,33,84,5,33
3,line,,96,23,60,57,10,5
3,line,,76,34,60,73,22,29
3,line,,3,60,11,32,69,3
3,line,,58,25,51,71,21,41
4,area,,6,50,48,78,17,59
4,area,,34,12,18,45,93,31
4,area,,4,90,71,98,76,62
4,area,,52,91,50,31,25,99
5,line,,63,41,53,51,53,7
5,line,,48,70,13,18,81,38
5,line,,90,46,44,22,53,77
5,line,,29,36,6,95,95,71
6,area,,97,42,31,65,57,0
6,area,,28,98,22,37,93,10
6,area,,36,67,96,60,41,69
6,area,,7,65,45,75,73,93
7,line,,64,65,33,30,99,88
7,line,,50,98,50,13,83,76
7,line,,40,96,63,57,79,26
7,line,,3,30,78,90,1,19
8,area,,37,62,42,36,13,88
8,area,,42,47,93,86,90,82
8,area,,75,68,12,99,4,26
8,area,,42,82,85,0,96,33
9,line,,42,20,6,37,19,70
9,line,,89,26,59,32,54,3
9,line,,20,32,68,52,62,89
9,line,,15,11,53,89,28,25
10,area,,6,71,15,67,4,64
10,area,,63,69,21,20,0,28
10,area,,7,26,66,63,93,17
10,area,,22,66,20,12,61,50
